{
  "data":{
    "errcode":"util.ex.existUserEx",
    "errmsg":"uname(88888)",
    "extraData":{

    },
    "localizedMessage":"uname(88888)",
    "message":"uname(88888)",
    "stackTrace":[
      {
        "fileName":"RegHandler.java",
        "lineNumber":119,
        "className":"api.usr.RegHandler",
        "methodName":"existUser"
      },
      {
        "fileName":"RegHandler.java",
        "lineNumber":88,
        "className":"api.usr.RegHandler",
        "methodName":"lambda$call$0"
      },
      {
        "fileName":"AopUtil.java",
        "lineNumber":36,
        "className":"util.proxy.AopUtil",
        "methodName":"ivk4log"
      },
      {
        "fileName":"RegHandler.java",
        "lineNumber":87,
        "className":"api.usr.RegHandler",
        "methodName":"call"
      },
      {
        "fileName":"RegHandler.java",
        "lineNumber":39,
        "className":"api.usr.RegHandler",
        "methodName":"call"
      },
      {
        "fileName":"AtProxy4api.java",
        "lineNumber":93,
        "className":"util.proxy.AtProxy4api",
        "methodName":"lambda$invoke_call$0"
      },
      {
        "fileName":"AopUtil.java",
        "lineNumber":22,
        "className":"util.proxy.AopUtil",
        "methodName":"ivk4log"
      },
      {
        "fileName":"AtProxy4api.java",
        "lineNumber":91,
        "className":"util.proxy.AtProxy4api",
        "methodName":"invoke_call"
      },
      {
        "fileName":"AtProxy4api.java",
        "lineNumber":217,
        "className":"util.proxy.AtProxy4api",
        "methodName":"handlexProcess"
      },
      {
        "fileName":"AtProxy4api.java",
        "lineNumber":137,
        "className":"util.proxy.AtProxy4api",
        "methodName":"handle"
      },
      {
        "fileName":"Filter.java",
        "lineNumber":98,
        "className":"com.sun.net.httpserver.Filter$Chain",
        "methodName":"doFilter"
      },
      {
        "fileName":"AuthFilter.java",
        "lineNumber":82,
        "className":"sun.net.httpserver.AuthFilter",
        "methodName":"doFilter"
      },
      {
        "fileName":"Filter.java",
        "lineNumber":101,
        "className":"com.sun.net.httpserver.Filter$Chain",
        "methodName":"doFilter"
      },
      {
        "fileName":"ServerImpl.java",
        "lineNumber":871,
        "className":"sun.net.httpserver.ServerImpl$Exchange$LinkHandler",
        "methodName":"handle"
      },
      {
        "fileName":"Filter.java",
        "lineNumber":98,
        "className":"com.sun.net.httpserver.Filter$Chain",
        "methodName":"doFilter"
      },
      {
        "fileName":"ServerImpl.java",
        "lineNumber":847,
        "className":"sun.net.httpserver.ServerImpl$Exchange",
        "methodName":"run"
      },
      {
        "fileName":"ThreadPoolExecutor.java",
        "lineNumber":1144,
        "className":"java.util.concurrent.ThreadPoolExecutor",
        "methodName":"runWorker"
      },
      {
        "fileName":"ThreadPoolExecutor.java",
        "lineNumber":642,
        "className":"java.util.concurrent.ThreadPoolExecutor$Worker",
        "methodName":"run"
      },
      {
        "fileName":"Thread.java",
        "lineNumber":1583,
        "className":"java.lang.Thread",
        "methodName":"run"
      }
    ],
    "stackTraceStr":"ExceptionBase(url=\"/reg?uname=88888&pwd=88888\", urlprm=null, stackTraceStr=null, timestamp=null, details=null, errmsg=uname(88888), errcode=util.ex.existUserEx, fun=null, funPrm=null, info=null, lastExsList=null, requestId=null, cause=null, extraData={})\r\n\tat api.usr.RegHandler.existUser(RegHandler.java:119)\r\n\tat api.usr.RegHandler.lambda$call$0(RegHandler.java:88)\r\n\tat util.proxy.AopUtil.ivk4log(AopUtil.java:36)\r\n\tat api.usr.RegHandler.call(RegHandler.java:87)\r\n\tat api.usr.RegHandler.call(RegHandler.java:39)\r\n\tat util.proxy.AtProxy4api.lambda$invoke_call$0(AtProxy4api.java:93)\r\n\tat util.proxy.AopUtil.ivk4log(AopUtil.java:22)\r\n\tat util.proxy.AtProxy4api.invoke_call(AtProxy4api.java:91)\r\n\tat util.proxy.AtProxy4api.handlexProcess(AtProxy4api.java:217)\r\n\tat util.proxy.AtProxy4api.handle(AtProxy4api.java:137)\r\n\tat jdk.httpserver/com.sun.net.httpserver.Filter$Chain.doFilter(Filter.java:98)\r\n\tat jdk.httpserver/sun.net.httpserver.AuthFilter.doFilter(AuthFilter.java:82)\r\n\tat jdk.httpserver/com.sun.net.httpserver.Filter$Chain.doFilter(Filter.java:101)\r\n\tat jdk.httpserver/sun.net.httpserver.ServerImpl$Exchange$LinkHandler.handle(ServerImpl.java:871)\r\n\tat jdk.httpserver/com.sun.net.httpserver.Filter$Chain.doFilter(Filter.java:98)\r\n\tat jdk.httpserver/sun.net.httpserver.ServerImpl$Exchange.run(ServerImpl.java:847)\r\n\tat java.base/java.util.concurrent.ThreadPoolExecutor.runWorker(ThreadPoolExecutor.java:1144)\r\n\tat java.base/java.util.concurrent.ThreadPoolExecutor$Worker.run(ThreadPoolExecutor.java:642)\r\n\tat java.base/java.lang.Thread.run(Thread.java:1583)\r\n",
    "suppressed":[

    ],
    "url":"\"/reg?uname=88888&pwd=88888\""
  },
  "debugInfo":{

  },
  "message":"util.ex.existUserEx",
  "pageInfo":{
    "page":1,
    "pagesize":200,
    "totalPages":1,
    "totalRows":0
  },
  "path":"",
  "requestId":"",
  "stat_code":500,
  "timestamp":1741515062439
}