{
  "data": {
    "page": 1,
    "pagesize": 200,
    "records": [
      [
        "ordBet2025-03-06T03-05-02",
        "",
        1741205102581,
        "9999",
        ""
      ],
      [
        "ordBet2025-03-01T21-38-04",
        "123",
        1740839884686,
        "9999",
        null
      ],
      [
        "ordBet2025-03-01T21-35-21",
        null,
        1740839721652,
        "9999",
        null
      ],
      [
        "ordBet2025-03-01T21-08-48",
        null,
        1740838128395,
        "9999",
        null
      ],
      [
        "ordBet2025-03-01T21-03-38",
        null,
        1740837818682,
        "9999",
        null
      ],
      [
        "ordBet2025-03-01T21-00-35",
        null,
        1740837635762,
        "9999",
        null
      ]
    ],
    "totalPages": 1,
    "totalRecords": 6
  },
  "debugInfo": {},
  "message": "ok",
  "pageInfo": {
    "page": 200,
    "size": 50,
    "total": 0,
    "totalPages": 0
  },
  "path": "",
  "requestId": "",
  "stat_code": 200,
  "timestamp": 1741356136554
}